First Light — Revenue Model (Path to $100M),,,,,,
All figures USD; conservative → base → aggressive shown where noted,,,,,,
,,,,,,
YEAR 1 (2026) — LAUNCH,,,,,,
Line,Units,Price,Revenue,Notes,
Team (Compose),2,48000,96000,Pilot conversions,,
Enterprise (Compose),1,120000,120000,First defense/OEM logo,,
Pilot fees (non-converting),3,15000,45000,90-day evals,,
FL-1 units,3,49500,148500,Founding batch,,
Fab attach,,,25000,Early routing,,
Total Year 1,,,434500,,,
,,,,,,
YEAR 2 (2027) — LOGO LAND,,,,,,
Line,Units,Price,Revenue,Notes,
Team,10,48000,480000,,
Enterprise,5,120000,600000,,
Defense tier,1,200000,200000,First ITAR customer,,
FL-1 units,15,49500,742500,,
Fab attach,,,180000,,
Pilot → conversion rate,,40%,,Target,,
Total Year 2,,,2202500,,,
,,,,,,
YEAR 3 (2028) — EXPAND,,,,,,
Line,Units,Price,Revenue,Notes,
Team,20,48000,960000,,
Enterprise,12,135000,1620000,Avg price increase,,
Defense,3,250000,750000,,
FL-1 units,25,45000,1125000,Volume discount,,
Fab attach,,,600000,,
MaaS (manufacture-as-service),2,100000,200000,Select partners,,
Total Year 3,,,5256000,,,
,,,,,,
YEAR 4 (2029),,,,,,
Line,Units,Price,Revenue,Notes,
Team,25,48000,1200000,,
Enterprise,20,135000,2700000,,
Defense,8,250000,2000000,,
FL-1 units,40,45000,1800000,,
Fab attach,,,1500000,,
MaaS,,,800000,,
Total Year 4,,,9200000,,,
,,,,,,
YEAR 5 (2030),,,,,,
Line,Units,Price,Revenue,Notes,
Team,30,52000,1560000,,
Enterprise,35,150000,5250000,,
Defense,15,275000,4125000,,
FL-1 units,55,42000,2310000,,
Fab attach,,,2500000,,
MaaS,,,2000000,,
Total Year 5,,,17745000,,,
,,,,,,
YEAR 6 (2031),,,,,,
Line,Units,Price,Revenue,Notes,
Team,35,52000,1820000,,
Enterprise,50,165000,8250000,,
Defense,25,300000,7500000,,
FL-1 + services,,,3500000,Installed base + support,,
Fab attach,,,4000000,,
MaaS,,,8000000,,
Total Year 6,,,33070000,,,
,,,,,,
YEAR 7 (2032) — $100M RUN-RATE,,,,,,
Line,Units,Price,Revenue,Notes,
Team,40,55000,2200000,,
Enterprise,60,180000,10800000,,
Defense,40,325000,13000000,,
FL-1 + services,,,6000000,,
Fab attach,,,8000000,,
MaaS,,,53000000,Primary scale lever,,
Total Year 7,,,93000000,Base case,,
Aggressive Year 7 (MaaS + Defense),,,,105000000,Aggressive,,
,,,,,,
KEY METRICS — YEAR 7 BASE,,,,,,
Metric,Value,,,,
Total customers (Team + Ent + Def),140,,,,
Blended ACV (software only),185714,,,= (Team+Ent+Def revenue)/140,,
Software ARR subtotal,26000000,,,Team+Ent+Def,,
Hardware + attach + MaaS,67000000,,,,
Gross margin target (software),70%,,,,
Gross margin target (FL-1),54%,,,From FL-1 BOM model,,
Gross margin target (MaaS),25%,,,Contract mfg pass-through,,
,,,,,,
USE OF $4.5M RAISE,,,,,,
Category,Amount,%,Milestone,,
Enterprise GTM,1200000,27%,15 logos in 18 mo,,
FL-1 production,1500000,33%,25 founding units,,
Product + compliance,1000000,22%,Defense-tier Compose,,
Grants/compliance/legal,500000,11%,SOC 2 ITAR,,
Reserve,300000,7%,,,
Total,4500000,100%,,,
,,,,,,
18-MONTH MILESTONES (POST-RAISE),,,,,,
Milestone,Target date,Success metric,,,
First 5 paying Team customers,Q4 2026,$240k ACV,,
First Enterprise + Defense logo,Q1 2027,$120k+ ACV each,,
FL-1 first 10 shipments,Q2 2027,NPS + case study,,
$2M ARR,Q4 2027,Software + attach,,
SOC 2 Type I,Q2 2027,Enterprise procurement,,
